0,1,2,3,4,5,6,7,8
0.7926136255264281,0.9067908525466912,1.077982664108276,0.053417939692735,1.160188794136047,0.916992843151092,0.101433388888835,0.9055422544479372,1.063267827033996
0.040997635573148,0.914839088916778,0.019750444218516,0.923053205013275,-0.021575756371021,1.097249031066894,0.011214971542358,0.9816933870315552,0.122209765017032
0.067322187125682,-0.157800570130348,0.01487738545984,0.005359942093491,0.028284132480621,0.043740436434745,-0.056175012141466,0.124627128243446,-0.013383269309997
-0.027857486158609,1.093802452087402,0.9851851463317872,0.08629647642374,-0.010104272514581,0.085039488971233,1.044855117797851,1.032877206802368,-0.074234776198863
1.11672842502594,0.966013550758361,0.987112522125244,0.031199429184198,-0.096862263977527,0.027831245213747,-0.14617420732975,0.889880359172821,0.98578941822052
-0.030794693157076,1.040639758110046,0.936107754707336,1.143055200576782,0.010147857479751,0.807943701744079,0.83089804649353,0.9919319152832032,0.03563617169857
1.212620496749878,-0.063551567494869,0.125305205583572,0.152550503611564,1.079860925674438,-0.135547876358032,1.181129813194275,-0.112542323768138,0.070918306708335
1.053451299667358,-0.080444872379302,1.137963652610778,0.134548589587211,-0.135722860693931,-0.128260388970375,0.00588554283604,-0.090465530753135,0.9536504149436952
-0.042841780930757,1.041841983795166,0.9943499565124512,0.092053987085819,0.122283175587654,-0.033830266445875,1.108747243881225,1.127954721450805,-0.031979862600564
1.028915762901306,0.9350837469100952,1.079830884933471,-0.005469600670039,-0.096190176904201,0.013395628891885,-0.027695769444108,0.958284378051757,0.9001390337944031
0.170829981565475,0.9984682202339172,1.047946214675903,1.15635347366333,0.036976631730794,1.150764465332031,1.124027967453003,1.089977264404296,-0.027645006775856
0.7706495523452751,1.070947885513305,0.923088014125824,-0.094039142131805,0.966030418872833,1.003056526184082,-0.087996378540992,1.085094332695007,0.854782700538635
0.980135202407836,1.025572538375854,0.94116473197937,0.9183691740036012,-0.145263984799385,0.04413192346692,0.040567722171545,-0.003723612520843,0.105034373700618
-0.053040128201246,0.7706062793731691,0.942928314208984,0.077111415565013,1.024126768112182,0.16920106112957,0.9996289610862732,1.178569912910461,1.100703477859497
-0.000323838758049,-0.024865424260497,0.101031146943569,-0.122927390038967,-0.014031077735126,-0.10019301623106,-0.084249444305896,1.023979663848877,-0.00104571681004
-0.107687346637248,-0.220308572053909,0.200636431574821,-0.080571971833705,-0.038313295692205,-0.137162640690803,0.132738932967185,0.014571639709174,0.149697244167327
0.03325543180108,0.9139524102210992,0.921405434608459,0.8786815404891961,-0.07550199329853,0.987733602523803,0.951195478439331,1.0120210647583,-0.107118926942348
1.071798920631408,-0.012683765962719,-0.024460056796669,0.045191433280706,1.017982244491577,-0.09378794580698,1.074647903442382,-0.005317342933267,-0.038556944578886
0.9396929144859312,0.018628360703587,0.859524369239807,0.114834360778331,0.020776402205228,0.205784037709236,0.038915149867534,-0.238557562232017,1.030573844909668
-0.11675901710987,0.094031646847724,0.141229420900344,0.088178649544715,-0.031243590638041,0.020199406892061,0.040892537683248,-0.004901517182588,0.315494447946548
0.9605417251586912,0.996511161327362,1.307660222053527,1.057507038116455,0.832659780979156,-0.062580250203609,1.109318017959594,-0.021226054057478,0.153877809643745
1.084250211715698,0.7696398496627801,0.90927243232727,0.244824364781379,1.035737037658691,0.931369483470916,-0.15942633152008,0.8755465149879451,0.929259717464447
1.189798474311828,0.8952668905258171,0.06508781760931,0.9616039395332332,0.022614816203713,1.150824666023254,0.96662300825119,0.927721619606018,-0.096164219081401
0.046228934079408,0.001646193908527,0.151615127921104,0.982889890670776,0.9503808021545412,-0.11430324614048,1.045362710952758,1.107286214828491,1.061836123466491
0.11600961536169,1.144520878791809,-0.046010397374629,1.118941187858581,-0.043917637318372,0.822877764701843,-0.012565644457936,0.9811602234840392,-0.115249626338481
0.943377494812011,1.031087636947631,0.91077834367752,-0.015145480632781,-0.038126353174448,0.01484443154186,0.025377294048666,0.962743699550628,1.028140544891357
1.063128352165222,1.077213525772094,1.028668165206909,1.071547865867614,-0.236582398414611,-0.008516849949955,-0.149440318346023,-0.170310586690902,0.0936736240983
1.03760278224945,0.964211583137512,0.8932723999023431,-0.00694974977523,0.011639259755611,1.118611216545105,-0.110453568398952,0.071801826357841,0.043812602758407
0.734372019767761,1.04561448097229,0.9818087220191952,0.111633740365505,1.086512684822082,0.8788659572601311,0.019506484270095,1.043877243995666,0.930725932121276
-0.083881467580795,0.071559064090251,-0.110152915120124,0.070150829851627,-0.051452130079269,-0.019827309995889,0.067976035177707,-0.205546572804451,0.155260428786277
-0.10634010285139,1.091912150382995,0.845802247524261,0.13609293103218,1.031586527824401,-0.080087713897228,1.12105917930603,1.023992896080017,1.019028544425964
0.782087683677673,-0.027429521083831,0.960710942745208,0.091378644108772,-0.02458138205111,-0.021325252950191,0.043240912258625,-0.085692480206489,0.9854629635810852
0.930440962314605,0.831011891365051,-0.098552942276,-0.027099177241325,-0.01894467882812,-0.142456978559494,0.9832738637924192,0.079459272325038,0.8590869903564451
1.124784588813781,1.084545016288757,-0.137959748506546,-0.016512835398316,0.8649209141731261,1.215701341629028,0.9719656109809872,1.072730302810669,0.043097183108329
0.869891107082366,-0.018032357096672,1.083974361419677,0.086922839283943,-0.056558568030595,-0.141829535365104,-0.159474298357963,0.031280443072319,1.039881587028503
0.049794979393482,0.967986583709716,0.017735512927174,1.040496587753296,-0.146309673786163,0.976714551448822,0.165128752589225,0.9633923768997192,-0.040246188640594
0.8639703392982481,1.158995866775512,0.996324121952056,1.123542428016662,0.06581450253725,-0.00829379633069,0.082085542380809,0.208954736590385,0.106445252895355
0.7189369201660151,-0.06822370737791,0.8795608282089231,0.014219510369002,0.06905660778284,-0.200478389859199,-0.023358734324574,0.009852439165115,1.11892569065094
0.100378267467021,-0.037498343735933,0.145893022418022,0.115524612367153,-0.184642434120178,0.047456532716751,-0.094075165688991,0.00015913163952,-0.020383710041642
0.909303784370422,0.8859391808509821,1.055864095687866,0.00535285519436,0.99610024690628,1.11128830909729,-0.10210195928812,0.9004493355751031,0.9770004749298092
0.009573392570018,0.972204566001892,0.9068310856819152,0.034967523068189,1.161059498786926,-0.015805369243025,1.110963106155395,1.093344569206237,0.968481481075286
0.169799819588661,-0.093038611114025,0.03606916591525,-0.04726443439722,-0.175908297300338,-0.083677351474761,0.086682200431823,0.061410415917634,-0.039942141622304
1.1912202835083,0.99037104845047,1.117214679718017,0.061061263084411,0.113166116178035,0.27996078133583,0.017840679734945,0.796829283237457,1.127506732940673
0.014099669642746,0.110259927809238,0.065121091902256,0.108643032610416,0.012252708896994,0.039892945438623,0.145009383559227,0.078988142311573,0.113488845527172
-0.00241748499684,0.929930925369262,1.032606720924377,-0.042718045413494,1.143720269203186,0.051373600959777,1.078441262245178,1.030696034431457,0.938446164131164
1.028266191482544,0.028316337615251,0.897828757762908,-0.052992757409811,0.274504631757736,0.148867264389991,0.062437385320663,-0.009994564577937,1.030840396881103
1.104547142982483,1.108377456665039,-0.303485184907913,-0.075590066611766,0.070886477828025,-0.048821963369846,1.011939048767089,0.052327778190374,1.127950191497802
1.096479296684265,1.00042712688446,-0.021523715928196,0.011134656146168,0.8216729760169981,0.9075371026992792,1.013898015022277,0.806634783744812,0.062105722725391
1.166574716567993,-0.037984903901815,0.8348703384399411,0.08596796542406,0.103925064206123,0.100283160805702,-0.009878667071461,-0.094498112797737,0.91933649778366
0.119146764278411,1.039206862449646,0.007897003553807,0.947998404502868,-0.178291529417037,0.9816790819168092,-0.03654059767723,0.861857533454895,0.032537173479795
0.976938128471374,0.974221348762512,1.005715250968933,0.9709621667861932,0.034858290106058,-0.052267558872699,-0.07160722464323,-0.134375810623168,0.027669517323374
0.9419872164726252,0.111838221549987,0.974229335784912,0.13583567738533,-0.018357360735535,-0.145084634423255,0.199054032564163,-0.093904450535774,0.98059207201004
0.044298458844423,0.104809179902076,-0.082581371068954,0.004899139516055,-0.041128046810626,0.103153251111507,-0.020075684413313,-0.046985391527414,0.052887987345457
1.069647789001464,0.9664985537528992,1.075867295265197,-0.052129782736301,0.925793766975402,1.079553842544555,0.180670514702796,0.8118490576744081,0.9292915463447572
0.087645374238491,0.934454262256622,0.049166288226842,1.012167453765869,0.05388006567955,0.924363315105438,0.131127417087554,1.023390173912048,0.020775808021426
-0.084502562880516,0.109697118401527,-0.050037432461977,0.050819098949432,-0.081785283982753,0.0605403855443,0.140646636486053,0.00666409311816,-0.100893788039684
0.8835698366165161,1.054306268692016,0.959091961383819,1.114352822303772,0.080858312547206,-0.138685047626495,1.048579812049865,-0.149995848536491,-0.044737260788679
1.066405773162841,0.02649356983602,0.02589881978929,0.103011645376682,0.8899821043014521,-0.083188489079475,1.015534281730651,-0.043463367968797,-0.008336069062352
1.074213743209838,1.102829933166504,0.98162829875946,0.030386989936232,0.8554186224937431,1.051175832748413,0.094322852790355,0.9954778552055352,0.9147310256958
1.059417843818664,0.8440564274787901,0.873245537281036,1.045584797859192,-0.095322594046592,-0.180873557925224,-0.071754239499568,0.002400334691628,0.019259987398982
0.778366208076477,0.099115096032619,0.021714534610509,-0.101174391806125,1.028787732124328,0.041156504303216,0.988300681114196,-0.260129868984222,0.073785796761512
0.058007575571537,-0.051564019173383,0.052799385040998,-0.016986245289444,-0.047389104962348,0.039832759648561,-0.112105749547481,-0.043965559452772,0.170423433184623
1.009124517440796,0.008546085096895,0.955690801143646,0.026344818994402,-0.091808728873729,-0.06614988297224,0.061790477484464,-0.031836166977882,0.928604960441589
1.043932318687439,1.100326061248779,0.951232194900512,-0.051780860871076,-0.006512261461466,-0.041700389236211,-0.158258244395256,0.987653255462646,0.95725804567337
1.184229731559753,0.168247580528259,0.057888638228178,0.996578097343444,-0.037041723728179,-0.134513527154922,0.941962599754333,1.033159375190734,-0.134540647268295
0.983209669589996,0.073285929858684,0.104732863605022,-0.030751509591937,0.940102100372314,-0.027550274506211,0.938237190246582,-0.110681153833866,0.029335672035813
-0.087962783873081,-0.192300617694854,-0.015634844079613,0.197372123599052,0.047690447419881,-0.076080679893493,-0.247211962938308,0.26669493317604,0.024200296029448
-0.226061627268791,0.8875628709793091,-0.014030749909579,0.932251453399658,-0.101630605757236,1.022155523300171,-0.103810213506221,1.01173722743988,-0.069030120968818
0.97585642337799,1.090457916259765,-0.247688576579093,0.275121182203292,1.044927954673767,1.197517275810241,0.931925892829895,0.925969004631042,-0.137639850378036
0.056546885520219,0.98035842180252,1.192829370498657,0.113440535962581,-0.095115765929222,0.191183120012283,1.089481830596923,0.875368654727935,0.004832012113183
0.9723344445228572,0.8520851135253901,0.143849596381187,1.027300357818603,0.062379766255617,0.981939017772674,0.897021472454071,1.14760148525238,-0.012031411752104
1.074365139007568,0.0310396309942,1.072770237922668,0.134859010577201,-0.06087040528655,-0.030360391363501,0.006615202408283,-0.102855280041694,1.158543348312378
1.211879134178161,0.026138380169868,0.006825343705713,1.001090407371521,-0.040646802634,-0.095678932964801,-0.097947113215923,1.02886962890625,0.936612486839294
-0.039598669856786,-0.190712615847587,0.108951173722743,0.058415371924638,0.085643485188484,-0.013731605373322,0.109135903418064,-0.167300909757614,-0.013382541015744
1.029421091079712,0.9344926476478572,1.00642991065979,0.050559896975755,0.905458807945251,0.814097702503204,0.010822715237736,1.052042365074157,1.1724773645401
0.057105530053377,1.061438798904419,0.772305130958557,-0.003471568692475,0.8947597742080681,-0.169754207134246,0.896234273910522,0.9351978302001952,0.923231363296508
0.131441786885261,-0.069463148713111,0.022553814575076,-0.004167385865002,-0.156064361333847,0.072040140628814,0.035723276436328,0.043088298290967,0.035413190722465
-0.018388414755463,0.9795196652412412,1.069287896156311,1.002980947494506,0.021897597238421,0.9815476536750792,1.059196949005127,0.920080542564392,0.066068761050701
0.855717658996582,0.05902910977602,-0.151033326983451,0.066194579005241,1.20933449268341,0.010285465978085,0.933281540870666,-0.076046004891395,-0.06105126813054
0.789153814315795,-0.141110643744468,1.229784369468689,-0.10731466114521,-0.068195335566997,0.076211087405681,-0.108050726354122,-0.088923677802085,0.978237986564636
0.090553700923919,-0.13772927224636,-0.055714309215545,-0.076029293239116,-0.037944931536912,-0.15158711373806,-0.066309683024883,-0.208240628242492,-0.000185832584975
-0.187704071402549,0.8787854909896851,1.106002330780029,-0.051603209227323,0.9507098197937012,0.075343631207942,1.044044971466064,0.9864976406097412,0.898137211799621
0.847067773342132,0.968698978424072,0.104688130319118,0.136669486761093,0.99036306142807,1.069449067115783,0.8983131051063531,0.8507913947105401,0.032543253153562
0.175818130373954,1.109699964523315,0.891254246234893,-0.03435443714261,-0.027134139090776,0.13198147714138,0.936724722385406,1.060368299484253,0.175954088568687
-0.07941710948944,0.105114363133907,-0.086456149816513,0.024531224742531,-0.041207145899534,-0.024694291874766,-0.076716624200344,-0.044314939528703,0.051441457122564
0.119437731802463,-0.07953905314207,-0.185348838567733,1.041227459907531,1.033531427383422,-0.028484512120485,1.000516295433044,0.934871077537536,1.041034340858459
1.018823146820068,0.9506806135177612,1.032672047615051,1.115270972251892,0.9035741090774532,0.08290296792984,1.01521635055542,-0.107066646218299,0.097736440598964
-0.009020299650728,-0.072822891175746,-0.002684627426788,0.016681367531418,-0.159277215600013,0.097228102385997,-0.14695231616497,-0.063720725476741,0.089253447949886
0.099090568721294,0.9220470190048212,0.9452740550041192,1.062401533126831,-0.057748842984437,1.081159710884094,0.7630726099014281,1.024458765983581,-0.103092387318611
1.267189264297485,-0.127932220697402,0.0038261373993,0.130811259150505,1.005697727203369,-0.193028405308723,1.1497563123703,0.051944550126791,-0.058610837906599
0.9506859779357912,-0.101798094809055,1.076098680496215,0.045002806931734,0.069948554039001,0.129389539361,0.097513280808925,0.014428666792809,0.945827305316925
-0.07791706174612,0.13867363333702,0.072920739650726,-0.056337144225835,0.014897179789841,0.179619222879409,-0.048030979931354,0.059920210391283,0.044876407831907
-0.102857708930969,0.9221387505531312,0.908867835998535,0.942225277423858,0.103614561259746,1.085608005523681,1.153343796730041,0.904825687408447,0.055817138403654
1.071761488914489,1.069784283638,1.02921462059021,1.147748947143554,-0.077697329223155,0.010284703224897,1.216064572334289,-0.105426907539367,0.070080436766147
-0.106677711009979,0.001050462713465,-0.215257406234741,0.865510940551757,0.8312080502510071,-0.086946599185466,0.9938584566116332,1.046133637428283,1.171074867248535
0.102486431598663,-0.025676494464278,-0.101536408066749,-0.0694515183568,-0.10339467972517,0.133755087852478,-0.126046121120452,-0.041647810488939,-0.053642261773347
0.989057421684265,0.986447036266326,1.157782316207885,0.098010443150997,0.112415447831153,1.057965874671936,0.9153451323509212,-0.161409422755241,-0.133217066526412
1.032944798469543,-0.146881967782974,-0.067888788878917,1.084369301795959,0.001860799151472,-0.016989534720778,0.094546444714069,1.046562671661377,1.085651516914367
1.082957148551941,0.140292093157768,1.090187430381775,0.014119490981101,-0.08853244036436,0.157783970236778,-0.032058537006378,0.031441189348697,1.028584718704223
0.976107776165008,1.028547167778015,0.926343142986297,1.100785732269287,-0.146313726902008,0.083379030227661,0.054016899317502,0.032036181539297,0.083842732012271
0.9721298217773432,0.07927992939949,0.963000416755676,-0.180155560374259,0.015315011143684,-0.073102995753288,-0.137977704405784,-0.092609368264675,0.9397997856140132
1.081715941429138,-0.065723031759262,1.211536884307861,-0.026069790124893,0.9116542935371392,0.055184315890073,0.9528201222419732,0.060800112783908,1.087822914123535
1.077383756637573,0.985046446323394,1.072613000869751,-0.039284843951463,0.99280446767807,0.908311247825622,0.055245865136384,1.116494178771972,1.020967960357666
0.160296991467475,1.038262367248535,0.159449115395545,1.00202190876007,-0.000718697090633,1.013315439224243,-0.033298801630735,0.931443154811859,-0.026973415166139
0.018897555768489,-0.061317283660173,1.096053838729858,1.047566652297973,0.105492152273654,0.8793611526489251,1.160104632377624,1.055139183998108,0.9035568833351132
0.116113997995853,0.012628391385078,-0.026237815618515,-0.121209777891635,-0.067514538764953,0.01023150794208,0.207488775253295,0.05526789650321,0.066686742007732
0.030213629826903,-0.136120349168777,-0.061102893203496,1.098800897598266,0.904701471328735,0.105557315051555,1.032660841941833,0.990013778209686,1.016985774040222
-0.043064780533313,1.085446238517761,0.053657807409763,1.094667077064514,-0.145242765545845,0.9885196685791012,0.010959143750369,0.9637290835380552,-0.004362743347883
1.033810853958129,0.04132816568017,1.083017230033874,0.226186230778694,0.229699298739433,0.098802551627159,-0.205321386456489,0.223063215613365,0.94984346628189
-0.175276920199394,1.145814895629882,1.089222311973571,0.042014803737401,0.934324860572814,-0.079387538135051,1.09239912033081,0.95983612537384,0.92966079711914
-0.089590616524219,-0.108284309506416,0.040479362010955,-0.126215666532516,0.96012145280838,-0.069911621510982,0.101472318172454,0.928101539611816,0.129528686404228
0.049614485353231,0.126646786928176,0.119347527623176,-0.079815275967121,-0.126293659210205,-0.045928504317998,-0.190548941493034,-0.05006518959999,0.003404329065233
0.087806724011898,1.016716361045837,-0.13388006389141,1.026938319206237,0.055532034486532,0.8918788433074951,0.104267299175262,1.104199051856994,-0.107647858560085
1.028044581413269,1.201702356338501,0.117733530700206,-0.050580870360136,0.910705745220184,1.111938238143921,1.044895410537719,0.937579154968261,-0.019092379137873
-0.05895996838808,0.928996264934539,0.933379292488098,-0.050675105303525,0.156051114201545,-0.008340093307197,1.002916097640991,0.8895829319953911,0.015578970313072
0.8920356035232541,1.09648048877716,0.087173640727996,0.967913687229156,-0.095482647418975,0.840716421604156,1.003798007965088,1.069694876670837,0.015640785917639
1.096941232681274,0.141183733940124,1.089091181755066,-0.001710101030766,-0.204269871115684,-0.082823559641838,-0.059758313000202,0.018885314464569,1.12434434890747
0.917305886745452,0.102220468223094,0.077718749642372,1.108985424041748,-0.021733798086643,-0.010395959950983,0.036382567137479,0.8592506647109981,1.184950113296508
-0.064411602914333,1.005423188209533,0.905078291893005,0.010142496787011,1.073766469955444,-0.06011189892888,0.9362494349479672,0.974879920482635,0.962334692478179
-0.040316760540008,0.011923830024898,0.193009182810783,0.102402806282043,0.089275531470775,-0.114845477044582,0.03977496176958,0.105280898511409,-0.09033440798521
-0.031717646867036,1.065085053443908,0.95434695482254,0.904347002506256,-0.059698265045881,0.8733062744140621,0.956384360790252,0.864570438861846,0.113701187074184
1.058488845825195,-0.011143656447529,0.054005801677703,0.025111079216003,0.9604364037513732,0.148811504244804,1.22711706161499,0.077548526227474,-0.145173579454422
1.018064975738525,1.057494759559631,1.15024709701538,-0.252996146678924,0.108495883643627,0.128922328352928,-0.038645315915346,1.021349668502807,1.059052348136901
0.060332205146551,1.058430790901184,1.068747401237487,1.036433935165405,0.037602424621582,1.153876066207885,1.023364424705505,1.10308563709259,-0.291882991790771
0.012614341452717,-0.001431393669918,-0.083675287663936,0.003024725243449,-0.015707118436694,0.02923690341413,-0.063615880906581,0.096186511218547,-0.077626056969165
0.966949701309204,0.8383488655090331,0.9881176352500912,-0.04602787271142,0.010410080663859,0.020689724013209,0.13805741071701,1.003188133239746,1.181280016899108
1.031976699829101,0.115101933479309,0.030033865943551,0.9836061000823972,0.038144912570714,0.085604198276996,-0.086484238505363,0.8918300271034241,0.9596779942512512
0.940790116786956,0.063511192798614,0.8692353367805481,-0.035853412002325,-0.092478357255458,-0.088822230696678,0.153017446398735,-0.046818826347589,1.066494703292846
-0.072567023336887,-0.017406437546014,-0.033682715147733,0.002969356253743,0.140132084488868,-0.012101206928491,0.070813380181789,0.023774093016982,0.0739211961627
0.853731751441955,0.944689095020294,0.982482969760894,-0.041887767612934,0.007810500450432,0.997763872146606,0.996039628982544,0.126259252429008,0.07303699105978
0.97829931974411,0.953299283981323,0.8420059084892271,-0.050971146672964,-0.143072456121444,-0.043218255043029,0.021253062412142,1.181304335594177,1.020830750465393
0.9433435201644892,-0.069519117474555,-0.027168853208422,1.064403295516967,-0.22329269349575,0.038096282631158,0.075422175228595,0.7843294143676751,0.842514395713806
0.046157255768775,0.932518541812896,1.037370800971984,0.917973697185516,-0.144763156771659,1.023183226585388,1.0744149684906,0.7924470901489251,0.124905563890933
-0.091077581048011,0.053370982408523,0.03188519179821,-0.057865619659423,-0.076527900993824,0.162608206272125,0.066550716757774,-0.197325065732002,0.118875257670879
-0.090497992932796,-0.027963737025856,-0.070638351142406,1.060161352157592,1.085580706596374,0.139438852667808,1.00769567489624,1.040300607681274,0.833894968032836
1.010548830032348,0.7914884090423581,1.089229226112365,0.699745059013366,1.019627690315246,0.076663620769977,1.21630573272705,0.181810900568962,0.065944798290729
0.052236594259738,-0.038830924779176,0.120014004409313,-0.118712805211544,-0.231124624609947,0.119909681379795,-0.040197346359491,0.144828796386718,0.149975001811981
-0.104728162288665,0.869045197963714,1.036739945411682,0.9054286479949952,-0.01095228549093,1.093167304992675,0.93488872051239,1.079098105430603,-0.155894085764884
1.022642016410827,0.144403457641601,-0.020765973255038,0.007074622903019,1.004156231880188,-0.004776583053171,0.928260922431945,0.016433918848633,0.023912468925118
0.903282880783081,-0.035875715315341,1.021016240119934,0.086553417146205,-0.138941034674644,-0.029131701216101,0.02851502969861,0.068183325231075,0.9318189024925232
-0.054906576871871,-0.014892110601067,-0.038111146539449,0.180292144417762,-0.178908333182334,0.111049093306064,0.023453377187252,-0.178119361400604,-0.080391868948936
1.090063691139221,1.012799739837646,0.8913086652755731,1.11548376083374,0.823609828948974,-0.104389786720275,1.067141413688659,0.003506420878693,-0.042535256594419
0.9509761333465572,0.980033218860626,0.9123516082763672,-0.236771538853645,1.001683235168457,1.086057662963867,-0.13216595351696,1.061660528182983,0.959184408187866
1.100485205650329,1.019518256187439,0.012830604799091,1.09022581577301,-0.053418256342411,0.995139062404632,0.985453486442565,1.05190896987915,0.023933684453368
-0.068207368254661,-0.019683135673403,0.059793561697006,1.067965745925903,1.059530019760131,-0.069184027612209,0.9805738925933832,1.076936721801757,1.056164264678955
-0.035629544407129,0.8627678155899041,0.02196524105966,0.991462111473083,-0.104074299335479,0.865408301353454,-0.075950220227241,1.090937495231628,-0.020967552438378
1.041718125343322,1.13555634021759,1.02187967300415,0.063504986464977,-0.014022170566022,-0.00867521110922,0.21750421822071,0.804226160049438,0.8953316211700441
1.004778265953064,1.121285319328308,1.179286003112793,0.9299549460411072,-0.11618610471487,-0.102228417992591,-0.058172184973955,0.120178990066051,-0.085439905524253
1.016669631004333,1.124114751815796,1.159897565841674,0.7642627358436581,-0.012058633379638,-0.009602292440831,-0.223694324493408,0.064367480576038,-0.081554852426052
1.119106292724609,1.080796957015991,0.98899507522583,0.086090885102748,0.933842539787292,0.952086329460144,0.067492663860321,1.002662420272827,0.8783857822418211
0.020279437303543,-0.070156268775463,0.059639256447553,0.002086122520267,0.132559239864349,0.112639807164669,0.085990890860557,0.076999962329864,-0.104922249913215
0.017249081283807,1.003917574882507,1.001985549926757,-0.063772685825824,0.950792014598846,0.080613747239112,1.182458996772766,1.095529437065124,1.053121209144592
0.9730117917060852,-0.177671387791633,1.066050410270691,-0.022972296923398,-0.035272620618343,-0.158702850341796,-0.055618811398744,-0.012329847551882,0.8972139954566951
0.9265608191490172,0.99036020040512,-0.016345750540494,0.130435273051261,0.017595075070858,-0.255724400281906,0.955252408981323,0.146337270736694,0.701209902763366
1.057590007781982,0.982665181159973,-0.061977591365575,0.177955195307731,0.939194023609161,1.167238473892212,0.9647467136383052,0.9758197069168092,-0.032623376697301
1.005032420158386,0.007621270604431,1.052598476409912,-0.00396312167868,-0.109965622425079,-0.153941839933395,-0.045201074331998,-0.039567399770021,0.873534560203552
-0.1632991284132,1.031472444534301,-0.258117318153381,1.140893459320068,-0.126368805766105,0.9700012207031252,0.244699239730834,0.6823272705078121,0.069122448563575
1.032020568847656,0.993252158164978,0.947378277778625,0.934830546379089,0.022528400644659,0.15153394639492,0.102179564535617,-0.109886959195137,-0.140932112932205
0.9820167422294612,-0.038084305822849,1.005642294883728,-0.088505424559116,0.107115522027015,0.002650462789461,0.028979126363992,-0.069979712367057,1.188396334648132
0.048620145767927,-0.046092774718999,0.004720162600278,-0.022862885147333,0.038448579609394,0.029437376186251,-0.08640931546688,-0.007209465838968,-0.095826223492622
0.9013571143150332,1.02907133102417,0.9701682329177852,-0.002724647056311,-0.038935281336307,0.048363987356424,0.128005638718605,0.8291488885879511,1.093401908874511
0.850554168224334,0.007992141880095,-0.077165693044662,1.107760906219482,-0.065696105360984,0.053886592388153,-0.118849910795688,1.082473874092102,0.77760362625122
1.103528022766113,0.127486780285835,1.051152110099792,0.014506851322948,-0.045282233506441,0.110901892185211,-0.111859075725078,0.022752160206437,0.93704742193222
0.017914906144142,-0.150610700249671,-0.001890078536234,0.106393314898014,0.073363058269023,0.192110031843185,-0.097358904778957,0.062861144542694,0.146807253360748
-0.076268926262855,0.9459651112556452,0.8983350396156311,-0.04858885332942,-0.071292959153652,0.951868832111358,-0.11580616235733,0.061537086963653,0.073474243283271
0.172120079398155,0.8622003793716431,0.078000031411647,1.168134212493896,-0.056789100170135,0.9703088998794552,-0.041228059679269,1.121555924415588,-0.089866541326045
0.174321308732032,0.004569485783576,0.056159175932407,1.033492922782898,0.9191954135894772,0.071273498237133,0.8913418054580681,1.006860256195068,0.8890212774276731
0.984082818031311,0.8893973231315611,1.002953886985778,0.930760383605957,0.039539858698844,-0.010967384092509,1.070679426193237,0.185975581407547,0.177531883120536
-0.068176127970218,0.9241957068443292,0.086763203144073,1.100258111953735,-0.040824119001626,1.098717331886291,0.054024156183004,0.938269197940826,-0.059051539748907
-0.026337156072258,0.212617948651313,0.111591093242168,0.123444974422454,0.113277725875377,0.112625114619731,0.017224434763193,0.045740794390439,0.006675446871668
1.237216234207153,0.9379499554634092,0.727435290813446,0.032950930297374,0.0372118614614,-0.078020676970481,0.126846581697464,1.074018001556396,1.03317654132843
0.025810245424509,0.990266740322113,1.094461798667907,-0.136062026023864,0.87549865245819,0.137374803423881,1.163405537605285,0.916741013526916,1.031227707862854
0.221586570143699,-0.030662214383482,-0.068833358585834,0.29421329498291,0.029782313853502,0.07215117663145,-0.050821423530578,-0.104384303092956,0.032060842961072
0.7282947301864621,1.028278470039367,0.946878969669342,0.9486371278762812,1.027938485145568,-0.122700467705726,0.965206444263458,0.026772189885377,-0.000372258946299
0.989267766475677,0.9682307839393612,0.7885668873786921,-0.138976708054542,1.012348532676696,0.98302161693573,0.027746805921196,0.9220995903015132,0.975143909454345
1.153502225875854,1.279349327087402,0.005369580816477,0.9882724285125732,-0.187099486589431,0.9994045495986932,0.99418956041336,0.9137557744979852,0.06444901227951
0.117207884788513,-0.121210888028144,0.117945328354835,1.023274183273315,1.234560132026672,-0.11634462326765,1.152791380882263,0.9287550449371332,1.131938695907592
0.088510654866695,1.062983274459838,0.182217642664909,1.00648295879364,0.042660441249608,1.13079833984375,0.106695510447025,0.93375277519226,-0.121150150895118
0.985680699348449,1.061767339706421,0.9711438417434692,0.006124335806816,-0.103884331881999,0.067952506244182,-0.064340136945247,0.942144393920898,1.250957369804382
1.006377100944519,0.8486025333404541,1.022140622138977,0.8981584310531611,0.237278297543525,-0.179453283548355,-0.084212280809879,-0.159862190485,0.11024922132492
1.063338160514831,0.898677587509155,1.018171668052673,0.938359141349792,-0.082766413688659,-0.117073610424995,0.02175897732377,-0.030630875378847,0.000369447458069
1.083462119102478,1.079219460487365,0.807868301868438,-0.048162393271923,1.006473660469055,0.893759131431579,0.258097320795059,1.031189322471618,1.065617442131042
0.044524297118186,0.06109457835555,-0.08508788794279,0.07606503367424,-0.023655241355299,-0.21961598098278,-0.025362227112054,-0.004150015767663,0.054690517485141
-0.043599855154752,1.10462200641632,0.156135037541389,0.9522436857223512,-0.039864841848611,1.064338088035583,0.068632595241069,1.010565996170044,0.090881712734699
1.194108247756958,1.036272048950195,0.09488620609045,0.07050596922636,1.059049606323242,1.151297092437744,0.981793284416198,1.06654155254364,0.10383466631174
0.02367697097361,0.961583316326141,0.855864644050598,-0.199681743979454,0.010066495276987,-0.31859341263771,1.027813673019409,1.163448214530944,0.020263340324163
0.998348116874694,1.128263473510742,-0.063255213201045,0.942083656787872,-0.282961696386337,1.029552340507507,0.8218634128570551,0.862126588821411,-0.072037100791931
1.039538979530334,-0.031659394502639,0.9443088173866272,-0.141068562865257,-0.002823598450049,0.149715989828109,-0.042446970939636,0.171914651989936,1.184578537940979
1.104822039604187,0.119407191872596,-0.005915217101573,0.8291377425193781,-0.034645374864339,0.034229174256324,0.111851893365383,0.94160771369934,0.9776554107666012
-0.004047732334583,0.9500939249992372,1.251535296440124,-0.102321706712245,1.117365479469299,-0.013357609510421,1.148716449737548,1.162811517715454,1.210528254508972
-0.088645175099372,-0.142951592803001,0.003392711747437,-0.082859776914119,0.027539625763893,-0.047281108796596,0.183723673224449,0.8396416306495661,0.15927730500698
-0.010484619997441,-0.047518447041511,0.031217044219374,0.087949901819229,0.010890475474298,-0.061291880905628,-0.089783512055873,0.194217130541801,-0.153941676020622
-0.038587272167205,1.196108937263488,1.051030755043029,-0.129830256104469,-0.107439450919628,1.129544734954834,0.084600143134593,-0.075853206217288,0.984249889850616
0.01070387661457,-0.082516506314277,0.16886855661869,0.970675647258758,0.943408608436584,0.114745773375034,0.7812755703926081,1.04969036579132,0.9847998619079592
0.861155092716217,0.905639171600341,0.039398033171892,0.054386980831623,-0.073685191571712,-0.07476357370615,0.006142084021121,1.045619845390319,0.959620416164398
0.033870611339807,0.92696738243103,0.9741467237472532,0.0050870901905,-0.015594261698424,-0.022763643413782,0.9817224740982052,1.041341066360473,-0.126437276601791
0.06887049973011,-0.027350215241312,0.134208187460899,1.322422862052917,0.911866843700408,-0.091759003698825,1.069658398628234,1.135729789733886,0.9771668314933772
0.082409583032131,-0.059930741786956,-0.047713156789541,0.8016287088394161,-0.023600371554493,0.002261378569528,-0.218091294169425,0.959219276905059,0.055196858942508
1.191788792610168,-0.047885570675134,0.046336289495229,1.066968560218811,1.039055228233337,0.9858436584472652,-0.071693889796733,0.019883949309587,1.004574537277221
1.00488793849945,0.965036571025848,-0.034612584859132,1.067102432250976,-0.017805531620979,1.034146785736084,0.97034353017807,-0.070849657058715,-0.184885904192924
-0.271868556737899,0.068234153091907,0.119806729257106,0.109657905995845,-0.102340452373027,-0.014815772883594,0.11146792024374,0.005275343079119,-0.028710654005408
0.8635704517364501,0.05556409433484,1.133842825889587,0.076855033636093,1.070948123931884,-0.000314075499773,1.003480792045593,0.144636914134025,1.09925901889801
1.054761886596679,0.029590098187327,0.8795483112335201,-0.0640290081501,-0.032456915825605,0.02275126427412,0.197395265102386,0.126313433051109,1.104783296585083
-0.070103116333484,0.991084098815918,-0.076920323073863,1.074811935424804,-0.000279239815426,1.007782936096191,0.026145625859498,0.9601531028747552,0.06613527983427
0.044710785150527,-0.139297947287559,-0.024293838068842,1.041650414466858,0.935766279697418,-0.000599817023612,0.9406130313873292,0.9738715291023252,1.043259859085083
0.219704672694206,0.8853258490562431,1.0554141998291011,0.9895521998405452,0.055402606725692,0.8851768374443051,0.992683351039886,0.934334695339202,-0.01707281731069
0.8200407028198241,0.092755399644374,0.910837054252624,0.151911184191703,0.075587570667266,0.169362992048263,-0.005291951820254,-0.066262356936931,0.944476842880249
1.093782067298889,0.069496594369411,1.008233428001403,0.012335720472037,0.955509901046752,-0.138381257653236,1.0679874420166011,0.140398427844047,1.012742400169372
0.029650477692484,0.08957802504301,0.046292159706354,-0.143177673220634,-0.008215982466936,0.04093063250184,0.176291137933731,0.082827247679233,-0.022372426465153
1.013606548309326,0.8309280872344971,0.9585441350936892,1.021164178848266,1.161844134330749,0.05377284809947,1.005067467689514,-0.131434604525566,-0.052525389939546
-0.236570864915847,0.046872649341821,0.062607087194919,0.04298136755824,0.042715933173894,0.007263620384037,0.061917133629322,-0.028332306072115,-0.089955560863018
-0.046703081578016,1.1494858264923091,1.09151542186737,0.196738332509994,1.030134677886963,0.232368305325508,0.997816443443298,0.9593931436538692,1.131712555885315
1.336100697517395,1.004183411598205,-0.020240800455212,0.133022189140319,0.9501981735229492,1.001545667648315,0.9387635588645932,1.031490564346313,-0.043855112046003
0.017816333100199,0.090389266610145,0.013001091778278,0.969617068767547,0.175652563571929,0.141647040843963,-0.046086516231298,1.033512711524963,-0.155353933572769
0.097966484725475,0.970216870307922,0.967979788780212,0.087043836712837,0.883508026599884,-0.11501770466566,1.044917345046997,0.946529686450958,0.974433720111846
1.073981285095214,1.155245661735534,0.989688336849212,1.148254990577697,0.068456023931503,0.165769338607788,0.253239959478378,0.162151634693145,-0.005986500065773
1.200149655342102,-0.223014593124389,-0.025986248627305,0.982628405094146,0.054382860660552,-0.112649910151958,-0.063430294394493,0.8915219306945801,0.8953552842140191
0.905624747276306,1.035372614860534,0.843300282955169,-0.030620027333498,1.019041657447815,0.909393429756164,0.113492183387279,0.8636675477027891,0.987675845623016
1.072843074798584,0.917105138301849,1.003226637840271,-0.06706017255783,-0.161660090088844,1.131322383880615,1.049712538719177,0.104697935283184,0.165466353297233
0.100685708224773,0.812310695648193,1.076735973358154,1.012552380561828,0.162419602274894,1.085232973098754,0.941846907138824,1.185665726661682,0.014877909794449
-0.032920897006988,-0.087259568274021,-0.04747013002634,-0.039091676473617,-0.040932565927505,-0.146337375044822,-0.162369653582572,-0.123567260801792,0.038796670734882
-0.018821895122528,1.155055046081543,0.083482973277568,1.034684181213379,0.046287801116704,0.8463526368141171,-0.025663936510682,1.062802195549011,-0.036843154579401
-0.041405227035284,-0.034355040639638,0.141344338655471,-0.146439269185066,1.012401580810546,0.139739096164703,-0.088750042021274,1.003794312477111,-0.066748701035976
-0.06728721410036,-0.118939757347106,-0.12887655198574,-0.335116744041442,-0.009199948981404,0.040775973349809,-0.103381633758544,0.07671432942152,-0.080393694341182
0.083389572799205,1.249311566352844,0.9868527650833132,0.9250543117523192,-0.027204567566514,1.132253885269165,1.190099596977233,0.976629078388214,-0.046478923410177
1.144507646560669,0.000151079773786,-0.024532068520784,0.179832071065902,1.063601970672607,0.037770722061395,1.056232690811157,-0.031893368810415,-0.153314098715782
0.990519285202026,0.214111238718032,0.895801186561584,0.005543166305869,0.053017444908618,0.176687687635421,0.008742235600948,0.154346510767936,1.052403569221496
-0.007527401205152,0.040870912373065,0.121140673756599,0.118202187120914,0.025215635076165,0.003687402699142,0.089332439005374,0.086127303540706,7.894953341747168e-06
0.07694423943758,1.090803027153015,1.054269194602966,0.048744354397058,0.9808019995689392,-0.023817313835024,0.973873078823089,0.8902529478073121,0.8086606860160821
1.03339409828186,-0.232116296887397,1.179738402366638,-0.0839154869318,-0.13627453148365,-0.146438851952552,-0.084715537726879,0.01045143790543,0.916971325874328
1.200476169586181,0.998802363872528,0.042328607290983,0.133162841200828,0.125250041484832,-0.098834082484245,0.9508219361305232,-0.123302698135375,1.083051323890686
0.9976066946983332,1.194978594779968,-0.013025917112827,-0.061382681131362,0.8798583149909971,0.9337640404701232,0.951717376708984,0.8526652455329891,0.090131230652332
0.9389756917953492,0.02525452338159,1.134396910667419,0.025581618770956,0.095193237066268,0.106561735272407,-0.095602303743362,0.224165305495262,0.952982723712921
0.119480229914188,1.009187698364257,-0.049081902951002,1.064026832580566,0.105534553527832,0.8427844643592831,-0.18092143535614,0.927834033966064,0.053463440388441
0.840408384799957,0.9764374494552612,1.056534767150879,1.123424649238586,0.134869500994682,-0.046408768743276,-0.014859591610729,0.134352430701255,0.041124202311038
1.163188338279724,-0.005513879936188,0.97009539604187,-0.052539408206939,-0.062859863042831,0.155901387333869,0.041244115680456,0.157754704356193,0.8849750161170961
0.097074247896671,0.089205592870712,-0.065542705357074,-0.056057084351778,-0.023009283468127,0.200664833188056,0.062457956373691,-0.030970184132456,-0.008380958810448
0.8400766253471371,1.102439284324646,0.926723837852478,0.7282361984252931,-0.049545615911483,0.093958087265491,-0.036194551736116,0.043867349624633,0.078630380332469
0.036238688975572,0.047658126801252,0.022843720391392,0.9512448906898492,0.9369424581527712,-0.051699180155992,0.9956947565078732,1.172202110290527,0.84022843837738
-0.097196288406848,1.031053066253662,0.9536687135696412,-0.089236266911029,-0.014079707674682,-0.073341540992259,1.119191408157348,0.949225783348083,0.000326965440763
0.039437193423509,1.052460312843322,0.9817999601364132,-0.141156405210495,0.143610134720802,0.012417702935636,1.065796971321106,1.035693526268005,-0.072734303772449
-0.079779170453548,-0.091034054756164,0.10361124575138,1.058130264282226,1.015341997146606,-0.04916300997138,1.122193813323974,0.91050124168396,1.374392986297607
-0.168953016400337,0.9854051470756532,-0.019607225432991,0.922634661197662,-0.035171281546354,0.9417896270751952,-0.027203345671296,1.037967443466186,0.060200341045856
1.025412440299987,-0.07098226994276,0.127191722393035,0.97393524646759,0.955151617527008,0.934128701686859,-0.023861244320869,-0.19291640818119,1.042524933815002
0.950571238994598,1.041577577590942,0.002743997843936,1.164253234863281,-0.055349595844745,0.967388927936554,1.254946827888488,0.054768618196249,0.168615326285362
-0.058191783726215,0.03451407328248,0.164185300469398,-0.062577791512012,0.023976435884833,0.123024299740791,0.034069534391164,0.065405122935771,0.033470030874013
-0.012657484970986,0.9444695115089412,0.9460095167160032,0.006340220104902,0.92685580253601,-0.077726311981678,1.181788086891174,0.8649903535842891,1.132320642471313
-0.083671033382415,1.103423714637756,1.150519251823425,0.933148205280304,0.219513282179832,1.040600299835205,0.792479991912841,1.04654061794281,0.07068432867527
1.135594487190246,1.021327972412109,1.056959390640258,-0.12778790295124,0.015372494235634,-0.048474263399839,-0.095209918916225,1.013767480850219,0.94386088848114
1.164788603782653,-0.057298924773931,-0.019873494282364,1.045056223869323,0.116781450808048,0.060099281370639,0.106774412095546,1.038737058639526,1.139148354530334
-0.092016376554965,0.6916700005531311,1.163206815719604,1.014744281768798,-0.064229063689708,0.9998028278350832,1.056447625160217,1.007181406021118,-0.04667118564248
-0.015394947491586,0.989964067935943,0.865311503410339,0.00808238517493,1.093789100646972,-0.090312585234642,0.938217759132385,0.945616841316223,1.095390915870666
0.005202710162848,-0.247610613703727,-0.03506551682949,-0.06511028856039,-0.04688149318099,-0.053362186998128,0.001851013745181,-0.040206767618656,-0.158306345343589
1.034903287887573,1.065292000770568,0.96822839975357,0.9907929897308352,0.8505394458770751,-0.074468605220317,1.036316990852356,0.109484694898128,-0.109260812401771
1.108856916427612,-0.124490812420845,0.028368866071105,0.8376854658126831,0.040385331958532,-0.079232059419155,0.08742967993021,0.9799724221229552,0.885230362415313
0.8733224272727961,1.249506711959838,0.01965775154531,1.222577571868896,1.019461989402771,0.022879209369421,0.967769145965576,0.132956683635711,-0.152267962694168
0.042824428528547,1.027979254722595,0.968481481075286,0.010033344849944,0.060331601649522,0.160853013396263,1.045833706855774,0.9939556121826172,-0.086779817938804
-0.062412779778242,-0.083064787089824,0.076799295842647,-0.00095171056455,-0.078503988683223,-0.010035353712737,-0.133921921253204,-0.049126174300909,-0.00570243038237
0.00592430261895,-0.041815932840108,0.021973421797156,0.9620819091796872,1.133177995681762,1.011622309684753,0.030279109254479,-0.006415934767574,-0.231723383069038
0.8946185708045961,-0.044339619576931,0.8840801119804381,0.2058916836977,-0.012986819259822,-0.15923373401165,-0.072367444634437,-0.029664987698197,0.849994719028472
1.101230502128601,-0.070979952812194,0.05880457162857,1.108579635620117,-0.035922020673751,-0.039275176823139,0.020476343110203,0.921639680862426,1.011336207389831
0.093662142753601,-0.011559540405869,-0.046530701220035,0.8940153121948241,0.95870554447174,0.034535717219114,1.029698848724365,1.009850025177002,1.068358659744262
0.034485604614019,0.00100087642204,0.000594016863033,-0.128704339265823,-0.146614745259284,0.210742101073265,-0.159506157040596,-0.147483736276626,0.102150581777095
1.086567759513855,1.015410184860229,1.169131994247436,-0.138685569167137,0.036689270287752,-0.073213450610637,-0.12055530399084,1.100605249404907,1.015340566635131
-0.173765942454338,0.926021873950958,0.085161589086055,1.072005987167358,-0.00300600240007,1.106164813041687,0.105429612100124,0.957962572574615,-0.091489724814891
1.047279596328735,0.019136767834424,0.9553169608116152,-0.032678473740816,1.02503502368927,0.061121392995119,1.071319580078125,-0.086303897202014,0.965145647525787
0.067060180008411,0.010064074769616,0.139493733644485,0.082390181720256,-0.061285562813282,0.067792497575283,-0.057602126151323,0.079423777759075,0.074655339121818
-0.085056588053703,-0.055715270340442,-0.084621481597423,1.007941961288452,1.003158688545227,-0.012851675041019,0.919348001480102,0.92077761888504,1.080290794372558
-0.073784455657005,0.966050624847412,0.072260841727256,1.161627292633056,-0.117574028670787,1.036286115646362,-0.039758272469043,0.960730969905853,0.026675973087549
-0.068927966058254,0.020387573167681,0.902730464935302,-0.097396597266197,-0.180342227220535,-0.205479368567466,0.988692998886108,-0.028380552306771,0.9757783412933352
-0.055585503578186,0.102655313909053,-0.185115486383438,-0.022901223972439,0.111807480454444,-0.089284650981426,0.222518235445022,1.06368887424469,0.13598284125328
-0.007457823958247,0.061720080673694,-0.01582757756114,-0.043231543153524,-0.071264870464801,0.089657038450241,0.053492613136768,-0.079480051994323,-0.033990755677223
0.096039958298206,-0.051436305046081,-0.023223595693707,0.059488262981176,0.9371400475502012,-0.013544944114983,-0.030224505811929,0.9602362513542172,0.044762071222066
0.047061376273632,0.148403018712997,-0.060706198215484,0.027445828542113,1.120861291885376,0.016494680196046,0.138523682951927,1.026757597923278,-0.01986926048994
-0.285047024488449,-0.150763854384422,-0.065380752086639,0.056360065937042,0.891717314720153,-0.08503071963787,0.004229952115565,1.120173573493957,-0.039673525840044
-0.064948379993438,-0.040881149470806,0.111121773719787,0.002170401392504,0.158094927668571,0.045441649854183,-0.120829217135906,-0.062166977673769,-0.151614636182785
0.030247313901782,-0.062344040721654,0.04880041629076,0.134203359484672,1.078091621398925,0.080437235534191,0.107176162302494,1.052163958549499,-0.035727676004171
0.11874496936798,0.019876090809702,0.029253471642732,-0.080462887883186,-0.067171908915042,-0.012494537048041,0.122157327830791,0.111691527068614,-0.004705115687102
1.052377462387085,0.914787113666534,0.9489107131958,0.933739960193634,0.110353291034698,0.180263072252273,0.932466804981231,-0.021032935008406,0.053015161305665
0.941421687602996,1.057222127914428,0.964346528053283,0.025969659909605,0.9121240973472592,0.961862862110137,0.139917105436325,1.017595529556274,1.15163505077362
-0.011722557246685,0.9527309536933892,0.999463677406311,0.027522156015038,-0.075922779738903,1.040294766426086,0.072799578309059,-0.083283476531505,-0.115950047969818
1.001698732376098,0.884199321269989,1.023155689239502,-0.086344264447689,0.8850485682487481,0.8811899423599241,0.058774497359991,1.118578672409057,0.8601331114768981
1.11527681350708,0.90728223323822,0.943865954875946,0.083688385784626,-0.231915712356567,1.082466721534729,0.926848053932189,0.07060881704092,0.083904787898063
0.973362326622009,-0.131177544593811,1.065684080123901,-0.030077993869781,0.055710453540086,0.084079824388027,0.080050490796566,-0.02129622362554,1.130757570266723
1.151508688926696,-0.093684308230876,0.9217082858085632,0.048592057079076,0.874249815940856,-0.054867327213287,0.9582970738410952,-0.124440722167491,1.038309454917907
1.067595243453979,0.85992294549942,1.189902663230896,-0.037055097520351,0.8905290365219111,0.8602156639099121,-0.077120788395404,1.044293642044067,1.033310890197754
0.9611903429031372,1.029733419418335,0.974897801876068,-0.03201138973236,0.037932634353637,-0.09018338471651,-0.002089468762278,1.036211609840393,1.115899324417114
-0.085457824170589,0.036769609898328,-0.009944945573806,0.051706861704587,0.143299967050552,0.009879356250166,-0.035887088626623,0.996334850788116,0.054243762046098
0.104744397103786,-0.045324731618165,-0.262448340654373,-0.127467334270477,-0.230611681938171,-0.073660463094711,0.132508724927902,0.080646857619285,-0.273301392793655
0.944806635379791,0.8973886966705321,0.971693694591522,0.9884350895881652,1.144309878349304,0.09578999876976,0.722908377647399,0.179158881306648,-0.103601649403572
1.097700953483581,0.9802949428558352,1.027000427246093,0.061348892748355,0.929188966751098,0.9288083314895632,-0.060386519879102,1.043415546417236,0.968158304691314
1.020674705505371,1.009440422058105,-0.03164080157876,1.06194794178009,-0.057871431112289,1.038634777069091,0.9859579205513,1.034319519996643,0.025651786476373
-0.115345656871795,0.285757005214691,-0.018954051658511,0.962535977363586,1.022283434867858,0.131598994135856,1.14150059223175,1.044698357582092,0.927134990692138
-0.138850957155227,0.882221043109893,0.157379209995269,0.8887688517570491,-0.044711958616971,0.993358433246612,0.182322800159454,0.9994563460350032,0.072151839733123
1.13788902759552,1.10312807559967,0.8522845506668091,-0.059094727039337,0.254183143377304,-0.119707763195037,0.043245054781436,0.9003825783729551,0.93714290857315
0.95008772611618,1.005176305770874,1.1135753393173211,1.148656845092773,-0.025344252586364,-0.025069577619433,0.072077609598636,-0.051046904176473,0.000234363396884
1.048451423645019,1.110412001609802,1.110512018203735,1.073051810264587,0.134151741862297,0.026081589981913,-0.140763282775878,-0.088665582239627,-0.198850259184837
1.142979502677917,0.8269097208976741,1.017038106918335,-0.058384865522384,1.1427663564682,0.944178521633148,-0.146213099360466,1.005459189414978,1.031791090965271
-0.197141513228416,0.103058196604251,-0.061971783638,-0.009706452488899,0.017978552728891,0.130199179053306,0.02876822464168,0.055479377508163,-0.086174465715885
-0.062614642083644,1.037528038024902,1.003070473670959,-0.06092507764697,0.9340438842773432,-0.056534439325332,1.02749228477478,0.9957833290100092,1.101257443428039
1.032041668891906,0.108111895620822,1.127820968627929,0.09796342998743,0.059495281428098,-0.20765833556652,-0.09838905185461,-0.080212228000164,0.9146259427070612
0.996143043041229,1.012350916862487,-0.01550568640232,0.075792245566844,-0.026156255975365,0.000735973182599,0.923300981521606,-0.037126675248146,0.8837721347808831
0.994081020355224,1.065743327140808,0.055687993764877,0.128033965826034,0.899193584918975,0.9876327514648432,0.989330410957336,1.102927446365356,0.080773003399372
1.17582356929779,0.096659481525421,0.9664089679718012,-0.117004290223121,-0.092416673898696,-0.290267437696456,-0.12101674079895,-0.08817184716463,1.127532839775085
0.014520754106342,1.022162318229675,0.04141454026103,0.9411287307739252,-0.150757268071174,0.9821586012840272,0.072208039462566,0.923420906066894,-0.010056617669761
1.089210748672485,0.8943589925765991,0.906390130519866,1.152029037475586,-0.028234494850039,-0.060962248593568,0.159866958856582,-0.093821324408054,0.076414801180362
0.967057347297668,-0.10789781063795,0.997532844543457,0.099126510322093,-0.061521228402853,-0.10497748106718,-0.059343475848436,0.067943468689918,1.075307726860046
0.014289001002907,-0.024087084457278,0.105579428374767,-0.049727667123079,0.8699796199798581,-0.12770228087902,0.011702953837811,0.937207281589508,-0.029976053163409
